{"cameraMode":{"drawMode":0,"name":"Shaded","section":"Shading Mode"},"sceneLighting":true,"audioPlay":false,"sceneViewState":{"m_AlwaysRefresh":false,"showFog":true,"showSkybox":true,"showFlares":true,"showImageEffects":true,"showParticleSystems":true,"showVisualEffectGraphs":true,"m_FxEnabled":true},"in2DMode":false,"pivot":{"x":2.3446497917175295,"y":0.8283177614212036,"z":-5.454479217529297},"rotation":{"x":-0.08851300925016403,"y":-0.17301569879055024,"z":-0.015619281679391861,"w":0.9808329343795776},"size":1.7399600744247437,"orthographic":false}