{"cameraMode":{"drawMode":0,"name":"Shaded","section":"Shading Mode"},"sceneLighting":true,"audioPlay":false,"sceneViewState":{"m_AlwaysRefresh":false,"showFog":true,"showSkybox":true,"showFlares":true,"showImageEffects":true,"showParticleSystems":true,"showVisualEffectGraphs":true,"m_FxEnabled":true},"in2DMode":false,"pivot":{"x":-4.75664758682251,"y":-0.25311100482940676,"z":4.057041645050049},"rotation":{"x":-0.1570909023284912,"y":0.028731759637594224,"z":-0.004571994766592979,"w":-0.987168550491333},"size":0.8660253882408142,"orthographic":false}