{"cameraMode":{"drawMode":0,"name":"Shaded","section":"Shading Mode"},"sceneLighting":true,"audioPlay":false,"sceneViewState":{"m_AlwaysRefresh":false,"showFog":true,"showSkybox":false,"showFlares":true,"showImageEffects":true,"showParticleSystems":true,"showVisualEffectGraphs":true,"m_FxEnabled":true},"in2DMode":false,"pivot":{"x":-0.5802811980247498,"y":0.04460124298930168,"z":1.384999394416809},"rotation":{"x":-0.16667109727859498,"y":0.29858139157295229,"z":-0.053058359771966937,"w":-0.9382627606391907},"size":0.8660253882408142,"orthographic":false}